<?xml version="1.0" encoding="utf-8" ?><dwsync><file name="Outlines.psd" server="ftp.primafiat.com.br//www/" local="3427825740" remote="20607694924" /><file name="beveled.png" server="ftp.primafiat.com.br//www/" local="3427825740" remote="20607694924" /><file name="drop-shadow.png" server="ftp.primafiat.com.br//www/" local="3427825740" remote="20607694924" /><file name="glossy-dark.png" server="ftp.primafiat.com.br//www/" local="3427825740" remote="20607694924" /><file name="index.php" server="ftp.primafiat.com.br//www/" local="3427825740" remote="20607694924" /><file name="outer-glow.png" server="ftp.primafiat.com.br//www/" local="3427825740" remote="20607694924" /><file name="rounded-black.png" server="ftp.primafiat.com.br//www/" local="3427825740" remote="20607694924" /><file name="rounded-white.png" server="ftp.primafiat.com.br//www/" local="3427825740" remote="20607694924" /></dwsync>