<?xml version="1.0" encoding="utf-8" ?><dwsync><file name="changelog" server="ftp.primafiat.com.br//www/" local="3395271600" remote="20575140784" /><file name="class.nusoap_base.php" server="ftp.primafiat.com.br//www/" local="3395271600" remote="20575140784" /><file name="class.soap_fault.php" server="ftp.primafiat.com.br//www/" local="3395271600" remote="20575140784" /><file name="class.soap_parser.php" server="ftp.primafiat.com.br//www/" local="3395271600" remote="20575140784" /><file name="class.soap_server.php" server="ftp.primafiat.com.br//www/" local="3395271600" remote="20575140784" /><file name="class.soap_transport_http.php" server="ftp.primafiat.com.br//www/" local="3395271600" remote="20575140784" /><file name="class.soap_val.php" server="ftp.primafiat.com.br//www/" local="3395271600" remote="20575140784" /><file name="class.soapclient.php" server="ftp.primafiat.com.br//www/" local="3395271600" remote="20575140784" /><file name="class.wsdl.php" server="ftp.primafiat.com.br//www/" local="3395271600" remote="20575140784" /><file name="class.wsdlcache.php" server="ftp.primafiat.com.br//www/" local="3395271600" remote="20575140784" /><file name="class.xmlschema.php" server="ftp.primafiat.com.br//www/" local="3395271600" remote="20575140784" /><file name="nusoap.php" server="ftp.primafiat.com.br//www/" local="3395271600" remote="20575140784" /><file name="nusoapmime.php" server="ftp.primafiat.com.br//www/" local="3395271600" remote="20575140784" /></dwsync>