<?xml version="1.0" encoding="utf-8" ?><dwsync><file name="highslide-full.js" server="ftp.primafiat.com.br//www/" local="3427825680" remote="20607694864" /><file name="highslide-full.packed.js" server="ftp.primafiat.com.br//www/" local="3427825680" remote="20607694864" /><file name="highslide-ie6.css" server="ftp.primafiat.com.br//www/" local="3427825680" remote="20607694864" /><file name="highslide-with-gallery.js" server="ftp.primafiat.com.br//www/" local="3427825680" remote="20607694864" /><file name="highslide-with-gallery.packed.js" server="ftp.primafiat.com.br//www/" local="3427825680" remote="20607694864" /><file name="highslide-with-html.js" server="ftp.primafiat.com.br//www/" local="3427825680" remote="20607694864" /><file name="highslide-with-html.packed.js" server="ftp.primafiat.com.br//www/" local="3427825680" remote="20607694864" /><file name="highslide.css" server="ftp.primafiat.com.br//www/" local="3427825680" remote="20607694864" /><file name="highslide.js" server="ftp.primafiat.com.br//www/" local="3427825680" remote="20607694864" /><file name="highslide.packed.js" server="ftp.primafiat.com.br//www/" local="3427825680" remote="20607694864" /><file name="index.php" server="ftp.primafiat.com.br//www/" local="3427825680" remote="20607694864" /></dwsync>