<?xml version="1.0" encoding="utf-8" ?><dwsync><file name="close.png" server="ftp.primafiat.com.br//www/" local="3427825740" remote="20607694924" /><file name="closeX.png" server="ftp.primafiat.com.br//www/" local="3427825740" remote="20607694924" /><file name="controlbar-black-border.gif" server="ftp.primafiat.com.br//www/" local="3427825740" remote="20607694924" /><file name="controlbar-text-buttons.png" server="ftp.primafiat.com.br//www/" local="3427825740" remote="20607694924" /><file name="controlbar-white-small.gif" server="ftp.primafiat.com.br//www/" local="3427825740" remote="20607694924" /><file name="controlbar-white.gif" server="ftp.primafiat.com.br//www/" local="3427825740" remote="20607694924" /><file name="controlbar2.gif" server="ftp.primafiat.com.br//www/" local="3427825740" remote="20607694924" /><file name="controlbar3.gif" server="ftp.primafiat.com.br//www/" local="3427825740" remote="20607694924" /><file name="controlbar4-hover.gif" server="ftp.primafiat.com.br//www/" local="3427825740" remote="20607694924" /><file name="controlbar4.gif" server="ftp.primafiat.com.br//www/" local="3427825740" remote="20607694924" /><file name="fullexpand.gif" server="ftp.primafiat.com.br//www/" local="3427825740" remote="20607694924" /><file name="geckodimmer.png" server="ftp.primafiat.com.br//www/" local="3427825740" remote="20607694924" /><file name="icon.gif" server="ftp.primafiat.com.br//www/" local="3427825740" remote="20607694924" /><file name="index.php" server="ftp.primafiat.com.br//www/" local="3427825740" remote="20607694924" /><file name="loader.gif" server="ftp.primafiat.com.br//www/" local="3427825740" remote="20607694924" /><file name="loader.white.gif" server="ftp.primafiat.com.br//www/" local="3427825740" remote="20607694924" /><file name="resize.gif" server="ftp.primafiat.com.br//www/" local="3427825740" remote="20607694924" /><file name="scrollarrows.png" server="ftp.primafiat.com.br//www/" local="3427825740" remote="20607694924" /><file name="zoomin.cur" server="ftp.primafiat.com.br//www/" local="3427825740" remote="20607694924" /><file name="zoomout.cur" server="ftp.primafiat.com.br//www/" local="3427825740" remote="20607694924" /></dwsync>